OBJECTID,STNAME,Shape_Leng,Shape_Le_1,FROM_,TO_,GlobalID
1,CENTURY BLVD,8086.42278037,8086.42278037,VERMONT AVE,AVALON BLVD,bb3983d2-6187-447e-9496-f91f9e1e47dc
2,FIGUEROA ST,10094.7334563,1.91188133642,COLORADO BLVD,AVENUE 61,acb098aa-5d7d-480f-804f-bb4e3731d37a
3,103RD ST,5221.4309503,5221.4309503,CENTRAL AVE,"GRAPE ST
GRAPE",b6274f91-d568-49ff-91cf-5ff41e23afa4
4,MARENGO ST,1031.34609483,1031.34609483,STATE ST,CUMMINGS ST,35ea94e3-3210-4610-bd16-5d6f8e37e7ce
5,ALAMEDA ST,8611.91103571,8611.91103571,6TH ST,"ALPINE ST
ALPINE",c9633073-47a3-4057-8023-c0467de5d6eb
6,JEFFERSON BLVD,13983.9789812,13983.9789812,FARMDALE AVE,NORMANDIE AVE,6a42fb79-bf37-47cd-81a4-dca2c169b79e
7,CENTRAL AVE,1655.14943978,1655.14943978,89TH ST,MANCHESTER AVE,afe3b968-9178-4d7d-8ffe-cd627a9e8da8
8,AVENUE 26,1479.68860794,1479.68860794,FIGUEROA ST,SAN FERNANDO RD,53c12515-0647-4c02-8032-6e1722336949
9,LA BREA AVE,2178.94801162,2178.94801162,FOUNTAIN AVE,HAWTHORN AVE,c278c823-9455-43a1-8284-2552b8b41e91
10,EAGLE ROCK BLVD,8121.75969567,8121.75969567,AVENUE 41,COLORADO BLVD,535e1537-efae-45a8-8bda-4b913dd5815b
11,FLORENCE AVE,22576.0837383,22576.0837383,CRENSHAW BLVD,CENTRAL AVE,f69b0b9c-ffe7-4c3b-aa0f-05724b857c71
12,MANCHESTER AVE,17254.1583579,17254.1583579,WESTERN AVE,CENTRAL AVE,8fd9831b-f867-4c78-bc6c-9626c247364a
13,OLYMPIC BLVD,21507.9256829,21507.9256829,CRENSHAW BLVD,SPRING,4a119d54-37a7-4b4a-a136-ab9b33d0f800
14,SOTO ST,11620.1467865,11620.1467865,WABASH AVE,OLYMPIC BLVD,af3e421c-bb29-400a-8d67-aff6661ca9fb
15,RAMPART BLVD,7734.35129305,7734.35129305,7TH ST,TEMPLE ST,33aa3527-c086-4505-a7a1-e6521049fdc6
16,WESTERN AVE,57765.7024966,57765.7024966,RUSSELL AVE,CENTURY BLVD,692207b6-3d3c-4361-b2f8-cf935e68c184
17,WESTWOOD BLVD,10199.7259315,10199.7259315,LE CONTE AVE,PICO BLVD,6ed87b3a-f022-4154-bb4c-ff17934d6979
18,FLETCHER DR,7378.02263405,7378.02263405,GLENDALE BLVD,ESTARA AVE,26cf1166-5c3a-46ef-a889-9fed512b7dc5
19,SAN PEDRO ST,23857.8776644,23857.8776644,120TH ST,SLAUSON AVE,665aec11-12cb-4f6e-979b-39bd12493b38
20,WILSHIRE BLVD,3488.03839817,3488.03839817,BUNDY DR,FEDERAL AVE,672aa97f-e938-4b55-9038-6dda41513932
21,CESAR E CHAVEZ AVE,7288.98481022,7288.98481022,BOYLE AVE,FRESNO ST,dad1a4db-2c4c-400a-bcd9-109ab65ca6dd
22,HIGHLAND AVE,4927.30492277,4927.30492277,SANTA MONICA BLVD,FRANKLIN AVE,6cfa9b97-294e-4d99-b5b1-ef36ac60773a
23,ADAMS BLVD,10176.4100424,10176.4100424,VERMONT AVE,SAN PEDRO ST,04068bce-f9d5-4508-97d4-bd18c893ebde
24,1ST ST,3660.72735603,3660.72735603,OLIVE ST,ALAMEDA ST,ebcc2720-2bab-4eed-bf07-0973b7ed4446
25,LA BREA  AVE,4624.62842425,4624.62842425,BEVNERLY BLVD,ROMAINE ST,7502c560-bb45-4b76-91a1-4897ebc348a4
26,FIGUEROA ST,35869.2658062,6.7934215542,IMPERIAL HWY,MARTIN LUTHER KING JR BLVD,0c0d2da2-2e60-4a70-b83c-df3552b2ada6
27,SANTA MONICA BLVD,21063.5301846,21063.5301846,SYCAMORE AVE,SANBORN AVE,20adbf74-7d5e-48ea-a502-6152428971f6
28,YUCCA ST,1364.56376599,1364.56376599,CAHUENGA BLVD,ARGYLE AVE,ed7a1d2f-d186-4dd7-8973-540977dcc198
29,VERNON AVE,16623.2540091,16623.2540091,ST ANDREWS PL,CENTRAL AVE,f97b4597-44f6-422c-9caf-abcaba91472c
30,LEIMERT BLVD,3470.40093076,3470.40093076,VERNON AVE,"MARTIN LUTHER KING, JR",fb6e6fa6-b02a-48bd-bb62-949b51745963
31,SLAUSON AVE,24630.456943,24630.456943,DEANE AVE,CENTRAL AVE,d8dd5906-5a3f-4382-9ae5-e867bc8662fd
32,CAHUENGA BLVD,531.291631444,531.291631444,YUCCA ST,FRANKLIN AVE,502c6473-2065-471c-8aa1-964892d4ea4e
33,VINE ST,7916.36009003,7916.36009003,MELROSE AVE,FRANKLIN AVE,e3c65347-7f95-49aa-9866-e0b102100e77
34,WASHINGTON BLVD,7453.05572962,7453.05572962,FIGUEROA ST,CENTRAL AVE,2b1eab51-47fd-4048-a289-88805880e741
35,SAN PEDRO ST,11987.6255687,11987.6255687,25TH ST,1ST ST,250fce81-7051-493d-880a-6656896f1804
36,6TH ST,16526.4168114,16526.4168114,WESTERN AVE,BEAUDRY AVE,66113e47-bc6f-4e1e-81d2-5a4515edadaa
37,LA CIENEGA BLVD,8099.07719871,8099.07719871,VENICE BLVD,WHITWORTH DR,fb1c3b77-b4db-438b-b0d7-29fcc3eaa6f9
38,FOUNTAIN AVE,8671.0025511,8671.0025511,HOBART BLVD,HYPERION AVE,c1c3d214-6a85-4181-b7f1-4b13fe714351
39,BROADWAY,1319.07528087,1319.07528087,3RD ST,5TH ST,c09f0d3c-2d8f-43cf-b883-58cd08bd4c67
40,NORTH BROADWAY,8024.6615525,8024.6615525,AVENUE 18,MISSION ROAD,857211de-dfa2-4fbd-a086-7be8b16fe50f
41,SUNSET BLVD,23935.3835557,23935.3835557,CRESCENT HEIGHTS BLVD,VIRGIL AVE,b6f2d0cc-16a1-4db4-b6f1-2769b13928b2
42,COMPTON AVE,5270.42564631,5270.42564631,SLAUSON AVE,VERNON AVE,a1ae8f12-a091-410b-9eae-eede4ddc16b0
43,CRENSHAW BLVD,30260.4360998,30260.4360998,79TH ST,PICO BLVD,4905aaa9-e75f-4ee2-a758-54fabdbcbef2
44,CENTINELA AVE,472.704502864,472.704502864,ROSE AVE,STANWOOD DR,92cadbe7-d702-4d9b-8510-25d4eb741d0a
45,LOS ANGELES ST,3231.77047056,3231.77047056,6TH ST,1ST ST,0a577b06-2d63-4a1b-8522-95ce38e4935d
46,HOOVER ST,10456.9549785,10456.9549785,JEFFERSON BLVD,OLYMPIC BLVD,26f13a2e-5d7c-4de9-8bb4-fc4b2a716c13
47,VERMONT AVE,53669.6184315,53669.6184315,FRANKLIN AVE,88TH ST,4ebbe0c0-9610-412c-a7a2-ad37bc4752b5
48,NORMANDIE AVE,13824.7818546,13824.7818546,VERNON AVE,24TH ST,729663e1-7e76-412f-8c30-5d3f2f939721
49,6TH ST,6005.54260117,6005.54260117,FIGUEROA ST,STANFORD AVE,53f8582b-5ec8-4c3c-bfe2-63ff3728f784
50,BEVERLY BLVD,9858.72707655,9858.72707655,LA CIENGA BLVD,LA BREA AVE,fd49206f-2e7c-4b86-845c-6eefc774889e
51,ALVARADO ST,15785.2972726,15785.2972726,HOOVER ST,GLENDALE BLVD,60b5dca4-554e-444b-b765-2d8cbc87ec48
52,ADAMS BLVD,11472.4673774,11472.4673774,HAUSER BLVD,10TH AVE,b3e2e64f-41d0-4347-94eb-0137b50e33ef
53,OLYMPIC BLVD,13989.8073848,13989.8073848,GLADYS AVE,LORENA ST,7447f4c1-e72e-4770-8b9e-871bd3b5056f
54,BROADWAY,29687.5120939,29687.5120939,CENTURY BLVD,ADAMS BLVD,616328e7-2a63-4bc1-9ae4-685ebf5618f5
55,7TH ST,20774.0440541,20774.0440541,VERMONT AVE,MATEO ST,5420ee97-68eb-41e1-955d-5b54ffc7ac66
56,MELROSE AVE,11482.7481154,11482.7481154,LA CIENEGA BLVD,HIGHLAND AVE,97ed308f-6c8b-427f-88cb-8cbb55b97072
57,MELROSE AVE,10568.5012094,10568.5012094,VINE ST,VERMONT AVE,b70de6c3-31e8-4ba7-9935-024392be05f2
58,3RD ST,1367.56801243,1367.56801243,BROADWAY,LOS ANGELES ST,a006b753-87dc-4e12-81af-def115251064
59,PICO BLVD,28718.5750416,28718.5750416,ROXBURY DR,WESTERN AVE,964e7749-76b1-422b-9428-ba289c820d32
60,FAIRFAX AVE,7614.38831361,7614.38831361,WILSHIRE BLVD,MELROSE AVE,ceb3a413-676d-4279-a5d4-ec7669aaa165
61,PICO BLVD,10613.5029049,10613.5029049,CENTINELA AVE,MANNING AVE,dcfc5032-1b42-48f6-b0ba-6bd901c8f6cd
62,PACIFIC AVE,4654.22718147,4654.22718147,NORTH VENICE BLVD,ROSE AVE,250360c2-883b-455d-bdf8-d133e59ac45e
63,LA BREA AVE,11377.9539929,11377.9539929,COLISEUM ST,PICO BLVD,838f4a4c-9929-4a7e-a808-35c569c1eb36
64,SANTA MONICA BLVD,15060.8770045,15060.8770045,CENTINELA AVE,BEVERLY GLEN BLVD,977f2910-9207-4a0e-ad0b-e0944a8c33d4
65,ROSE AVE,172.682443223,172.682443223,PACIFIC AVE,MAIN ST,f2d2e928-58e3-4bde-aec8-172aacfa1e7e
66,DELL AVE,742.206535365,742.206535365,WASHINGTON BLVD,28TH AVE,73316e37-c99c-43fb-9e9a-9ad2e2b53b11
67,SEPULVEDA BLVD,6325.27576038,6325.27576038,VENICE BLVD,NATIONAL BLVD,d4648f10-08d5-4a08-a41f-b74a49245917
68,CENTINELA AVE,2607.83428697,2607.83428697,CULVER BLVD,STEWART AVE,33285167-ad89-4fbf-b31e-b46b7422adca
69,CENTURY BLVD,7970.26190258,7970.26190258,SEPULVEDA BLVD,LA CIENGA BLVD,7bc57284-af53-4169-86c8-edb34d7fea09
70,AIRPORT BLVD,672.272493099,672.272493099,CENTURY BLVD,98TH ST,3cd850ef-7ddb-4d16-a91a-e066a0b4d461
71,WASHINGTON BLVD,9048.78857914,9048.78857914,LA BREA AVE,ARLINGTON AVE,0873c9ab-10f2-49b3-a4ed-c529522bda39
72,MARTIN LUTHER KING JR BLVD,6506.56826342,6506.56826342,RODEO RD,CRENSHAW BLVD,f489f94f-f4c6-47f4-8e1d-e4cfc555a0b0
73,RODEO RD,979.512458553,979.512458553,LA BREA AVE,MARTIN LUTHER KING JR BLVD,ca7e5ac4-afaf-48ea-beea-8c44bdd00d28
74,STEVELY AVE,1227.54474894,1227.54474894,PINAFORE ST,COLISEUM ST,390d34aa-4f41-4e6d-a0f7-0cac174a223c
75,PINAFORE ST,348.59465989,348.59465989,GIBRALTAR AVE,STEVELY AVE,16768e8c-761b-4d2d-a8e4-460f81d49d94
76,COLESIUM ST,592.054476709,592.054476709,LA BREA AVE,STEVELY AVE,073219f5-299e-4326-8bbb-80d270828350
77,3RD ST,13987.0673771,13987.0673771,DOHNEY DR,LA BREA AVE,f56339eb-6165-40e0-af01-b0beedf5ca95
78,FRANKLIN AVE,553.503634614,553.503634614,ORCHID AVE,HIGHLAND AVE,db0c471a-7829-4947-beb1-64a9c4c5437f
79,LAS PALMAS AVE,2710.57568229,2710.57568229,SANTA MONICA BLVD,SUNSET BLVD,74e6e603-6e5f-492e-9e25-3f9da5e195e3
80,FRANKLIN AVE,1828.58895539,1828.58895539,LAS PALMAS AVE,CAHUENGA BLVD,f5244c9c-c6db-40bf-984e-5c074a7f7b8b
81,SELMA  AVE,1755.85162873,1755.85162873,SCHRADER BLVD,VINE ST,de2a2cca-c4f7-4c06-9548-ae4483017aae
82,MONTE VISTA ST,4356.25282657,4356.25282657,AVENUE 50,AVENUE 60,d697b734-55da-40c2-9f65-bf7075724cc9
83,AVENUE 50,933.301248373,933.301248373,FIGUEROA ST,MONTE VISTA ST,61fb3a3e-3b14-43a3-ab6a-61d1aca162af
84,EASTERN AVE,2991.53063707,2991.53063707,LOMBARDY BLVD,HUNTINGTON DR,c61b5ed7-0ddd-4008-964c-0420caa65f56
85,HUNTINGTON DR,2578.51978315,2578.51978315,EL SERENO AVE,VAN HORNE AVE,13b454d4-aa0b-4b7f-91f5-fca90492ab9d
86,CENTRAL AVE,7710.27375224,7710.27375224,120TH ST,101ST ST,1089def7-ef27-4d0f-a983-e6a55424ecd2
87,IMPERIAL HWY,2430.50710015,2430.50710015,CENTRAL AVE,COMPTON AVE,2878471f-4ac6-4326-b7a3-90fab0e696ee
88,HOOVER ST,10601.6062384,10601.6062384,CENTURY BLVD,FLORENCE AVE,345503bc-ea5f-4e24-b20e-b22f155c02ab
89,AVALON BLVD,18571.2713225,18571.2713225,120TH ST,FLORENCE AVE,8618deae-2539-4fe9-87fd-5aa5f5e13f8d
90,5TH ST,6011.30658258,6011.30658258,FIGUEROA ST,STANFORD AVE,74571e9e-a269-4d8c-8938-347ca3ff85c7
91,51ST ST,2650.3349033,2650.3349033,AVALON BLVD,CENTRAL AVE,13ca5ad1-c7eb-4ea8-8580-233629f8cac5
92,AVALON BLVD,5344.53236111,5344.53236111,51ST ST,MARTIN LUTHER KING JR BLVD,8854e78f-cc63-4b6b-8b6e-74b74bd27d17
93,NORTH BROADWAY,2161.0303168,2161.0303168,CESAR E CHAVEZ AVE,COLLEGE ST,8635c1c7-c205-466f-9327-13b663ee474e
94,HOOPER AVE,1015.62112417,1015.62112417,VERNON AVE,47TH ST,59ca8bb7-f3ca-4701-a2e9-4a1badaca958
95,NORMANDIE AVE,2502.11676728,2502.11676728,SLAUSON AVE,51ST PL,34706ae6-2db9-4304-b635-d4064936e06f
96,SAN MARINO ST,5283.52595274,5283.52595274,WESTERN AVE,VERMONT AVE,cf7fb2d5-5ecd-4f52-8e47-5da73a88ef8b
97,PICO BLVD,10534.0728251,10534.0728251,WESTERN AVE,VALENCIA ST,73ebb755-3dde-40da-9c0a-2433865fa6ed
98,VENICE BLVD,8659.66951861,8659.66951861,MANHATTAN PL,BONNIE BRAE ST,0c3b501a-6bb3-45bf-88af-845b3a4b0fd5
99,8TH ST,13075.4563651,13075.4563651,WESTERN AVE,HARTFORD AVE,1c9903c4-e397-487a-bd6c-59d42be3ee54
100,3RD ST,16766.5078684,16766.5078684,VAN NESS AVE,WITMER ST,8e503ce6-09c5-4911-b253-5ea15c36cd4d
101,BEVERLY BLVD,8183.76891689,8183.76891689,NORMANDIE AVE,RAMPART BLVD,cfb6f516-13e1-4f4b-bcec-3ffa474e262e
102,TEMPLE,15873.3305208,15873.3305208,ROBINSON,JUDGE JOHN AISO,7fee3dde-a9fe-471e-86fe-e1adea5b9b73
103,VIRGIL AVE,4025.6920771,4025.6920771,MIDDLEBURY ST,SANTA MONICA BLVD,d28c6586-b98c-4d54-b98d-00121e6ec6c6
104,GRAND AVE,735.236918369,735.236918369,28TH ST,ADAMS BLVD,e3fc548c-b803-4d09-8d31-36f6fc6135c0
105,4TH ST,1762.40267014,1762.40267014,SAN PEDRO ST,ALAMEDA ST,55dbf673-1276-4285-98ae-fcc4a658bd7c
106,ALPINE ST,656.779710603,656.779710603,BROADWAY,ALAMEDA ST,6c1901b7-f11a-4a35-9f06-3ba0c74e11a3
107,VIGNES ST,851.465011026,851.465011026,CESAR E CHAVEZ AVE,BAUCHET ST,fb7efb5c-91c7-4830-bb36-aa4ee08ce2e0
108,WESTLAKE AVE,1421.57971245,1421.57971245,6TH ST,3RD ST,7b1c8c76-21e5-4134-b058-d060d0ae704f
109,48TH ST,470.397378074,470.397378074,CRENSHAW BLVD,11TH AVE,afbe8f70-78c2-445d-a439-fbb5735be91c
110,NORMANDIE AVE,1428.17979981,1428.17979981,FLORENCE AVE,67TH ST,534cb5e0-8b78-4595-8b46-4a1641e03c2b
111,61ST ST,1319.89775056,1319.89775056,BUDLONG AVE,VERMONT AVE,09c402ed-2567-4a26-b0fe-7be792e85189
112,VAN NESS AVE,5286.59686151,5286.59686151,FLORENCE AVE,SLAUSON AVE,09bdaf52-db9b-4756-b4d2-80998db20ca5
113,HOOVER ST,7978.25685695,7978.25685695,SLAUSON AVE,"MARTIN LUTHER KING, JR",8c0cface-f9b6-4f4d-82b0-0d70ca03d1ca
114,MAIN ST,29157.5791831,29157.5791831,IMPERIAL HWY,"MARTIN LUTHER KING, JR BLVD",7574919b-1bcc-4a0a-abd4-0619ccbc8513
115,88TH ST,1437.95415396,1437.95415396,VERMONT AVE,HOOVER ST,b0107e63-2885-4b4d-8e22-a2763a64ac55
116,IMPERIAL HWY,4155.16030303,4155.16030303,VERMONT AVE,BROADWAY,4f754cde-0579-4dc2-bf1f-a25ed36ce219
117,104TH ST,659.016223664,659.016223664,TOWNE AVE,AVALON BLVD,67d28931-2ece-424d-811e-a4ecc5cf4454
118,105TH ST,659.016223684,659.016223684,WALL ST,SAN PEDRO ST,ad3077cd-f2f4-4f8d-a1b6-1d6323640ac5
119,108TH ST,1320.94195962,1320.94195962,SAN PEDRO ST,AVALON BLVD,73dc6427-07c6-4065-896e-375b92053cc4
120,COMPTON AVE,6260.03982167,6260.03982167,IMPERIAL HWY,99TH ST,5291c394-ef52-4999-964e-39917fbde1c6
121,WILMINGTON AVE,4971.82019909,4971.82019909,IMPERIAL HWY,130RD ST,60551222-14a8-4efe-a20d-7f0c415dfb33
122,92ND ST,327.44849346,327.44849346, , ,44f54355-1ced-48e7-971f-a6d58dfb3cb4
123,COMPTON AVE,417.84050986,417.84050986, , ,e41d3a9b-b8da-4624-8334-c782eb613e22
124,1ST ST,1283.90303347,1283.90303347,SOTO ST,MOTT ST,fcfe0f0a-30f4-4eb8-8c6d-ebb2e4283680
125,4TH ST,3551.7429861,3551.7429861,GLESS ST,SOTO ST,e493eaab-75c3-4f51-a38a-6f834daf09ea
126,4TH ST,550.225121567,550.225121567,CONCORD ST,LORENA ST,7f61ad6d-5849-49fb-aa9a-6e2e50c29b11
127,WHITTIER BLVD,3042.93932096,3042.93932096,EUCLID AVE,SPENCE ST,1f839a3c-6746-481b-b904-a0026933c741
128,LORENA ST,3854.65997254,3854.65997254,WHITTER BLVD,1ST ST,ccca410d-4520-451f-9edc-d78127d8fa70
129,COLLEGE ST,1254.34090607,1254.34090607,YALE ST,SPRING ST,c1715975-05c1-4296-813f-3204f239128e
130,6TH ST,1733.83228203,1733.83228203,ALAMEDA ST,MATEO ST,f1bacf51-a6c0-4d41-8316-bf877183c935
131,SANTA FE AVE,721.745517081,721.745517081,OLYMPIC BLVD,HUNTER ST,caca896e-043e-4826-b94e-d92a1814a34f
132,ALAMEDA ST,5166.23252231,5166.23252231,20TH ST,OLYMPIC BLVD,b42d1288-f876-4b76-bc24-2dfdb80f75b2
133,CROCKER ST,1456.00442728,1456.00442728,12TH ST,9TH ST,5ba32e53-b07f-499c-8deb-ffda43f12bb8
134,2ND ST,472.085347592,472.085347592,CENTRAL AVE,ALAMEDA ST,21cd0c81-9720-4bac-a547-75489b13c259
135,HILL ST,2091.4728456,2091.4728456,CESAR E CHAVEZ AVE,COLLEGE ST,ca065fcf-dcb9-4c9f-ac87-5700483a0d74
136,CESAR E CHAVEZ AVE,338.200183451,338.200183451,VIGNES ST,LYON ST,614c2326-7422-4b19-9df6-4986fb6e5b89
137,YOSEMITE DR,448.290120113,448.290120113,LA RODA AVE,ALGOMA AVE,e8692581-e415-4450-8a56-bc23b6b49e59
138,GLENDALE BLVD,1616.42503743,1616.42503743,BERKELEY AVE,BRANDEN ST,77b1e862-67cf-4c78-955b-589e1e9351d8
139,ECHO PARK AVE,416.912735762,416.912735762,SUNSET BLVD,MONTANA ST,6908a6e6-ea3b-4ec6-9abe-f9d0df7afbbe
140,8TH ST,4994.38291,4994.38291,FIGUEROA ST,SAN PEDRO ST,8c83c285-8e68-4218-9f2a-07c8d79f60d2
141,MAPLE AVE,2250.66797482,2250.66797482,PICO BLVD,OLYMPIC BLVD,cddbacb9-f049-4709-984b-cd93b73bf89e
142,PICO BLVD,1141.85883068,1141.85883068,GRAND AVE,BROADWAY,d6a4420b-87ed-42b7-9e4c-664bda54a7c0
143,VENICE BLVD,1033.54408027,1033.54408027,OLIVE ST,MAIN ST,d1b9a4a5-a107-4e8c-8abf-0f7d2b4a42ca
144,OLIVE ST,517.729997464,517.729997464,PICO BLVD,12TH ST,8b828629-9a4a-408d-93d4-0d75b6e49739
145,MAIN ST,5124.79391517,5124.79391517,JEFFERSON,WASHINGTON,e25c4fdd-b9b3-4c9b-ae42-1111462cca70
146,9TH ST,2269.64534006,2269.64534006,HOOVER ST,WESTLAKE AVE,4bebb22d-81b1-418a-be8a-cc95be890ed0
147,11TH ST,1184.50470673,1184.50470673,VERMONT AVE,ELDEN AVE,5e279c25-54eb-4b30-91ed-e6a4782735a7
148,WESTMORELAND AVE,665.626873035,665.626873035,JAMES M. WOOD BLVD,8TH ST,75c45201-ab8f-4030-93c1-380e2f5c2456
149,KENMORE AVE,1176.70979597,1176.70979597,SAN MARINO ST,8TH ST,aa2e2f3d-5571-4987-a2f6-42427046c220
150,IROLO ST,1511.78528069,1511.78528069,8TH ST,WILSHIRE BLVD,f23b96d2-614f-4346-8a74-33acb3e9cc16
151,SERRANO AVE,1470.76173752,1470.76173752,8TH ST,WILSHIRE BLVD,7fc03272-2668-4e44-965d-4a6e9e7901e0
152,4TH ST,5331.98317819,5331.98317819,WESTERN AVE,VERMONT AVE,6b9dcda2-b6b6-4743-a050-3098d1ac0381
153,CORONADO ST,1213.31269727,1213.31269727,TEMPLE ST,BELLEVUE AVE,b16cd505-c144-4ee7-b272-a621a5aae344
154,1ST ST,366.455352256,366.455352256,WESTERN AVE,OXFORD AVE,6cadcc19-c28a-43ae-8761-c769c892651d
155,MONROE ST,1858.63641689,1858.63641689,NEW HAMPSHIRE AVE,VIRGIL AVE,b61c52d2-f368-4d79-985d-d3477d3aa4fe
156,LOCKWOOD AVE,1467.06410481,1467.06410481,VERMONT AVE,VIRGIL AVE,d9a2dfe2-b057-466c-ae13-22279a33d49a
157,NORMANDIE AVE,2643.74809404,2643.74809404,MELROSE AVE,SANTA MONICA BLVD,48587fb8-8471-4eb6-bf90-072e415056e9
158,EDGEMONT ST,1650.45212591,1650.45212591,SANTA MONICA BLVD,FOUNTAIN AVE,03575db2-de3d-40db-9e4d-c5982bf5d5a9
159,HOBART BLVD,1121.62887203,1121.62887203,FOUNTAIN AVE,SUNSET BLVD,03d6497e-fac9-4656-9d22-8cc686e5a2a7
160,WILTON PL,2666.76619452,2666.76619452,SANTA MONICA BLVD,SUNSET BLVD,62b2b6ab-92d1-4538-9c8c-e53d89d64405
161,FRANKLIN AVE,2657.50355035,2657.50355035,NORMANDIE AVE,VERMONT AVE,1834a433-6611-4228-8a24-95852962353e
162,FRANKLIN AVE,2626.78207663,2626.78207663,BEACHWOOD DR,GRAMERCY PL,a2cf38b2-8189-498b-98a3-281da048121f
163,CRENSHAW BLVD,2830.24186282,2830.24186282,OLYMPIC BLVD,WILSHIRE BLVD,06a97f63-6e21-4611-a139-46281db0eff8
164,HILLHURST AVE,3676.01684883,3676.01684883,PROSPECT AVE,LOS FELIZ BLVD,383bcc0b-b4f0-4ced-8d30-64cc592d3f34
165,ARLINGTON AVE,2652.57104132,2652.57104132,WASHINGTON BLVD,PICO BLVD,50b93b09-beb0-4663-8b84-aaa98ad0ac5d
166,IVAR AVE,1323.78786146,1323.78786146,FOUNTAIN AVE,SUNSET BLVD,fc618c08-27a7-4051-818d-2046af058f1f
167,ROSEWOOD AVE,1662.23968802,1662.23968802,LA BREA AVE,HIGHLAND AVE,8044518f-22b5-40d9-8a2d-27112af3d79f
168,LA CIENEGA BLVD,1234.53719424,1234.53719424,MELROSE PL,WILLOUGHBY AVE,e5a5e829-dac9-42d0-9f96-afd20e21d550
169,FARMDALE AVE,618.999570239,618.999570239,EXPOSITION BLVD,JEFFERSON BLVD,a7158f3e-f4a0-4a62-9b01-d514bf7a3b17
170,FAIRFAX AVE,1756.9784517,1756.9784517,RODEO RD,JEFFERSON BLVD,e5c77f51-6ad7-4869-b133-db8c97527583
171,CORNING ST,653.975973497,653.975973497,CADILLAC AVE,GUTHRIE AVE,591bb0f7-c117-45c3-bfb5-fc06fb7abb6d
172,CADILLAC AVE,1111.02837167,1111.02837167,CORNING ST,LA CIENGA BLVD,ef47ade6-c044-4b2f-b096-ce1402e58442
173,ROBERTSON BLVD,670.818833601,670.818833601, , ,99835a23-fcb9-46bf-86d8-dd1800e4dec9
174,AIRDROME ST,474.978367417,474.978367417, , ,22b4a335-765b-49d4-85c2-c0dbae75724f
175,54TH ST,1328.03090924,1328.03090924,DENKER AVE,NORMANDIE AVE,7e9680d5-39fe-4a50-a5ec-bb5a654cfb86
176,OVERLAND AVE,3807.60740985,3807.60740985,VENICE BLVD,ROSE AVE,f5eb975f-bf51-4417-bb01-db42be160792
177,NATIONAL BLVD,1887.09877967,1887.09877967,BUTLER AVE,SEPULVEDA BLVD,0f72f615-7676-4edc-bba1-c3e8ef90371c
178,SAWTELLE BLVD,1139.6110387,1139.6110387,STANWOOD DR,NATIONAL BLVD,1194ccfd-cd68-4f1d-9b7a-ae3f79ae603e
179,SAWTELLE BLVD,2275.57031943,2275.57031943,EXPOSITION BLVD,MISSISSIPPI AVE,298d0623-c938-4880-9859-9b5f4cbf14f7
180,OLYMPIC BLVD,1060.81095996,1060.81095996,PERDUE AVE,BELOIT AVE,23bbfb6a-1f34-455a-b180-10846afe56e4
181,BARRINGTON AVE,2588.10053505,2588.10053505,IOWA AVE,TEXAS AVE,bda55eb0-2e3f-428d-a97b-34b3d51b8f82
182,ASHTON AVE,538.749669861,538.749669861,MIDVALE AVE,WESTWOOD BLVD,e8225be0-eea5-4535-8c8a-66b176c2ef90
183,GLENDON AVE,395.688290581,395.688290581,WILSHIRE BLVD,LINDBROOK DR,77b2a2bd-7e0f-4794-9dca-6bff4ccf2df3
184,WEYBURN AVE,1311.27141519,1311.27141519,BROXTON AVE,TRIVERTON AVE,0b48010a-2ad0-4d19-8b90-bd8ba525a793
185,LE CONTE AVE,426.993487677,426.993487677,TRIVERTON AVE,HILGARD AVE,3f7d7ba0-404b-4ddf-9169-5a9855a0ec0b
186,TRIVERTON AVE,623.707554387,623.707554387,WEYBURN AVE,LE CONTE AVE,0ebb2a62-5d42-46d5-ad63-3a55b6856a06
187,LA TIJERA BLVD,3288.39525882,3288.39525882,THORNBURN ST,FAIRVIEW BLVD,57625e11-fc78-45bb-9183-b125cf3a9f53
188,CULVER BLVD,3297.05607357,3297.05607357,CENTINELA AVE,SLAUSON AVE,32eff0cb-c181-4de8-8f4d-470ab9f7c826
189,SEPULVEDA BLVD,677.158475216,677.158475216, , ,4acc9304-fbcc-4a2d-b1fa-407caabd006c
190,MANCHESTER AVE,986.11111111,986.11111111, , ,ba9b55a3-3f9a-44c0-a0a9-612c0a1f77a1
191,SEPULVEDA BLVD,315.684564725,315.684564725,CENTURY BLVD, CENTER WAY,3ea3fdf3-467e-4925-ba22-d5d693c2836d
192,WORLD WAY N,1884.25340175,1884.25340175,WEST WAY,SKY WAY,0802fc50-71a9-4281-b5ec-bbc57fdecc0e
193,WORLD WAY S,1070.32913278,1070.32913278,WEST WAY,EAST WAY,4a1a796c-2456-4cca-b6b3-9f996ec010ad
194,GRAND AVE,7921.59918372,7921.59918372,22ND ST,O'FARRELL ST,ec54fa43-18d7-41c4-844c-adec7bb46f35
195,1ST ST,1347.95641685,1347.95641685,MEYLER ST,GAFFEY ST,a9bde5a1-9e04-41c6-904e-0390dd890d49
196,PACIFIC AVE,7920.72606124,7920.72606124,22ND ST,O'FARRELL ST,4fa51c19-5d2d-4bdc-8aed-f24e1b287b15
197,GAFFEY ST,7921.97728339,7921.97728339,O'FARRELL ST,22ND ST,c72b47b2-7e84-48ab-9879-c8b4c78901ff
198,CABRILLO AVE,5280.38469229,5280.38469229,17TH ST,1ST ST,1c69326e-d2ec-468f-90c0-7b3ebf599658
199,17TH ST,671.552744794,671.552744794,CABRILLO AVE,GAFFEY ST,0d9eee7d-633a-418e-939b-a5beff75e60d
200,ANAHEIM ST,5128.75286261,5128.75286261,WILMINGTON BLVD,BANNING BLVD,be7806c2-801d-41d8-a233-cb88c28b90f1
201,PACIFIC COAST HWY,14090.2071113,14090.2071113,WESTERN AVE,BROAD AVE,5a9c51ee-85d1-4af9-b366-54bc82030d5c
202,NORMANDIE AVE,2865.78062697,2865.78062697,PACIFIC COAST HWY,LOMITA BLVD,e047cc97-ad3e-4626-85ae-49411e6374cc
203,WESTERN AVE,3038.59893127,3038.59893127,PACIFIC COAST HWY,LOMITA BLVD,f40ef0b9-2775-4f7a-acb9-17b8a471c929
204,LOMITA BLVD,3066.08085035,3066.08085035,WESTERN AVE,NORMANDIE AVE,a35cf7d9-33ce-4c90-ad80-fcb80d237a2b
205,CARSON ST,1582.01183089,1582.01183089,WESTERN AVE,DENKER AVE,a8e168a8-b649-41f5-ac36-6c80f27079d5
206,MARINE AVE,1063.45608249,1063.45608249,ANAHEIM ST,OPP ST,a81de729-79b7-4c66-ae91-1e3826f05005
207,AVALON BLVD,1063.45608248,1063.45608248,G ST,I ST,e064ad88-a2fc-41e4-8fce-8eaffc38e65d
208,GAFFEY ST,1754.10712126,1754.10712126,CAPITOL DR,WESTMONT DR,ba016e56-052c-4397-a549-1959ca7ca128
209,WEYMOUTH AVE,1574.43374344,1574.43374344,7TH ST,WESTERN AVE,0ae3fc13-ed7a-449b-9308-9f8154847976
210,DODSON AVE,531.483470529,531.483470529,9TH ST,7TH ST,f79e6c93-1c8b-4656-b571-a66e348ed8a8
211,7TH ST,462.414264824,462.414264824,DODSON AVE,WEYMOUTH AVE,010896e9-9c92-41d0-9584-fba6237fc423
212,AVALON BLVD,414.913788401,414.913788401,N ST,PACIFIC COAST HWY,58195b7c-2f74-4621-866f-5765dc2c32fb
213,HAZELTINE AVE,2626.91413927,2626.91413927,OXNARD ST,VICTORY BLVD,d0bc3d32-2339-4c9a-81d8-43f15566bf02
214,LANKERSHIM BLVD,6591.38887578,6591.38887578,SHERMAN WAY,CANTARA ST,6c135c82-0d19-45d1-9293-11d6462763cb
215,VAN NUYS BLVD,19722.2779724,19722.2779724,CHANDLER BLVD,CHASE ST,226befb3-228b-4371-be3c-1ee292a96fcf
216,SEPULVEDA BLVD,5018.67864924,5018.67864924,LANARK ST,PARTHENIA PL,2fd57799-c9ca-4f6f-8b93-fb6094b906c4
217,SEPULVEDA BLVD,13315.0123862,13315.0123862,PARTHENIA PL,BERMUDA ST,3c3dd03a-2f07-4e6c-a708-f936eb1c3dbd
218,VANOWEN ST,16518.6471394,16518.6471394,VALJEAN AVE,WOODMAN AVE,48031ace-34c8-4267-9f50-8b8b891c3aa9
219,SUNLAND BLVD,5020.7791847,5020.7791847,VINELAND AVE,GLENOAKS BLVD,95b4d0fe-03e2-4aca-b38f-af8945de446f
220,MAGNOLIA BLVD,8605.05112837,8605.05112837,MORELLA AVE,CAHUENGA BLVD,4cffa3ad-f456-4899-a4da-af5494112448
221,VICTORY BLVD,13207.6141438,13207.6141438,WOODLEY AVE,HAZELTINE AVE,f7b72296-0df2-4e9f-9a0b-7a7c9b06b480
222,VICTORY BLVD,5223.02078299,5223.02078299,FULTON AVE,WHITSETT AVE,99a067eb-ec48-4200-9c7a-3e4379af053e
223,WOODMAN AVE,7574.17837667,7574.17837667,SHERMAN WAY,ROSCOE BLVD,9afd967f-f617-4efa-a423-2be9edeff639
224,CHASE ST,1451.02678301,1451.02678301,TOBIAS AVE,TILDEN AVE,4dfa488c-5bec-402a-91e1-a0aa2d13c782
225,WHITSETT AVE,7931.13601742,7931.13601742,OXNARD ST,SHERMAN WAY,85ca61d8-a5f7-41b5-90cf-61e506d2954c
226,OXNARD ST,2652.52369841,2652.52369841,HAZELTINE AVE,WOODMAN,0e1054a4-60d7-47c6-9b7c-681ce6da2505
227,VINELAND AVE,5874.60481718,5874.60481718,SHERMAN WAY,LORNE ST,b035bf61-a9e7-44d2-a180-05f79e02c72f
228,RIVERSIDE DR,315.000646199,315.000646199,TALOFA AVE,MARIOTA AVE,8a047f97-5c46-4563-8d00-150a16d46b18
229,CAHUENGA BLVD,3581.65840666,3581.65840666,LANKERSHIM BLVD,RIVERSIDE DR,58d5c3a3-c0f5-432c-91b6-c348e975bf39
230,RIVERSIDE DR,2321.01293573,2321.01293573,LAURELGROVE AVE,GENTRY AVE,670a3c33-854e-460c-a0de-1321134a6aa1
231,WHITSETT AVE,2095.15083192,2095.15083192,CHANDLER BLVD,BURBANK BLVD,ae9ee9bd-169a-4409-bec4-25a2725cbf2e
232,CHANDLER BLVD,993.017361745,993.017361745,WHITSETT AVE,CORTEEN PL,8b01864d-2c02-4211-8d75-155bc3d95af9
233,WOODMAN AVE,5281.6956884,5281.6956884,RIVERSIDE DR,BURBANK BLVD,e897b841-e393-466b-aee1-f4c978a6e920
234,WEDDINGTON ST,660.380430458,660.380430458,MATILIJA AVE,WOODMAN AVE,041c4634-ef69-43c1-93c0-5734a2e72fcd
235,BURBANK BLVD,698.442582284,698.442582284,VAN NUYS BLVD,SYLMAR AVE,83993c50-c7ff-48df-bc84-2c0c526cfb15
236,OXNARD ST,2641.08441177,2641.08441177,KESTER AVE,VAN NUYS BLVD,163ff352-1c99-4102-a988-2503da2c7480
237,TYRONE AVE,731.884607343,731.884607343,SYLVAN ST,VICTORY BLVD,0d35fca0-4312-4eb5-9c76-0430e44960a5
238,WOODMAN AVE,2644.70561198,2644.70561198,VICTORY BLVD,VANOWEN ST,2af21f7c-0276-4f50-8611-b5a7f516f797
239,VANOWEN ST,7562.13660595,7562.13660595,ETHEL AVE,GENTRY AVE,bdd66cb8-8070-4c3f-a70e-49317dc60691
240,ETHEL AVE,2642.12539084,2642.12539084,VANOWEN ST,SHERMAN WAY,db6e769f-f30a-4908-8d24-0a0b0de59e0c
241,COLDWATER CANYON AVE,2635.02109814,2635.02109814,SHERMAN WAY WAY,VANOWEN ST,2eb408e6-b649-4f8f-adb0-4c5765babb21
242,SHERMAN WAY,2641.01882251,2641.01882251,LANKERSHIM BLVD,TUJUNGA AVE,69cf96b3-32ff-4f89-b288-406420b3e52d
243,SATICOY ST,690.888874435,690.888874435,WOODMAN AVE,VENTURA CANYON AVE,a5169e11-1e57-40ec-a57c-b13db23975eb
244,STAGG ST,673.627841059,673.627841059,WOODMAN AVE,VENTURA CANYON AVE,a667428c-c86c-4a67-a2a6-8adcc93eac70
245,CHASE ST,1301.28232519,1301.28232519,COLBATH AVE,WOODMAN AVE,2beb112c-dd18-4540-9560-3bf9905a3b7c
246,PARTHENIA ST,1324.11430638,1324.11430638,ORION AVE,SEPULVEDA BLVD,2c475d38-144f-4e10-a7d1-fd3ddf64791e
247,NORDOFF ST,10404.44272,10404.44272,HASKELL AVE,COSTELLO AVE,63628fbf-faca-4e0d-8e84-02ea7cbb57b4
248,RAYEN ST,671.349041992,671.349041992,SEPULVEDA BLVD,COLUMBUS AVE,6d6a8181-ae71-4f75-8e27-6b3e13b4533f
249,RAYEN ST,996.059043892,996.059043892,CEDROS AVE,VAN NUYS BLVD,5dbe0f5e-91df-4c64-b379-b3c03d3d7b08
250,COLUMBUS AVE,1319.77956081,1319.77956081,RAYEN ST,NORDOFF ST,4bca7fe0-d5b8-4f97-8da0-73613ce208a4
251,CEDROS AVE,1319.60374071,1319.60374071,RAYEN ST,NORDOFF ST,aa80beb8-8ea0-4797-bf3d-50bddfc776ae
252,DEVONSHIRE ST,994.586584544,994.586584544,BLACKHAWK ST,SEPULVEDA BLVD,f4ec1d3f-aa78-4419-8139-7bc32ebb4e82
253,BRAND BLVD,1816.0018048,1816.0018048,BERMUDA ST,COLUMBUS AVE,7e00d537-ebe4-4dc4-bd03-21c3f8347454
254,RINALDI ST,1418.20462525,1418.20462525,INDIAN HILLS RD,LAUREL CANYON BLVD,ac039dcf-6aaf-4bba-863e-0b394a94b2d1
255,VAUGHN ST,1320.18177938,1320.18177938,HERRICK AVE,GLENOAKS BLVD,99254e58-31da-4ff1-a651-0cdf7fa98d4b
256,HERRICK AVE,1447.16999867,1447.16999867,PAXTON ST,VAUGHN ST,7afee040-723c-45a7-9fb5-9da170f25a73
257,PAXTON ST,1321.57697062,1321.57697062,HERRICK AVE,GLENOAKS BLVD,1b09ba79-2b94-433b-aa55-60ac559ebfe7
258,GLENOAKS BLVD,1353.98314946,1353.98314946,OSBORNE PL,OSBORNE ST,acb1a3ee-7bf4-4af6-95a1-23b2cedcf4c0
259,LAUREL CANYON BLVD,1797.38880189,1797.38880189,PIERCE ST,PINNEY ST,14587a0d-517c-449f-8c10-d07456474a6e
260,LAUREL CANYON BLVD,1437.89411665,1437.89411665,MONTAGUE ST,OSBORNE ST,457fdf08-ea58-4e3d-a1fa-ad0ac17923eb
261,LAUREL CANYON BLVD,1445.97959495,1445.97959495,WICKS ST,SHELDON ST,25276596-8c5b-4958-b11c-26ec7515eec9
262,SAN FERNANDO RD,1445.64942101,1445.64942101,WICKS ST,SHELDON ST,c96c8203-56ff-4930-971e-d8671f33a858
263,SHELDON ST,6812.50160264,6812.50160264,ARLETA AVE,SAN FERNANDO RD,e9ab11ba-7ff7-42cd-bb6e-0a426912626f
264,SAN FERNANDO RD,1457.13069159,1457.13069159,PENROSE ST,TUXFORD ST,c97ab40f-f31e-4d87-8fee-e32424f905dd
265,HUBBARD ST,3959.79502186,3959.79502186,GLENOAKS AVE,FOOTHILL BLVD,e17b1935-ac3e-4ced-8252-84565a4cdb4f
266,POLK ST,2972.64000097,2972.64000097,WOODCOCK AVE,BORDEN AVE,253bf130-82ec-46ca-8919-76d0b72a17a3
267,FOOTHILL BLVD,11494.9443132,11494.9443132,ARROYO ST,POLK ST,4beea104-ad75-49e2-9ec3-2bce638d4bf3
268,SAYRE ST,2647.45317927,2647.45317927,DRONFIELD AVE,GLADSTONE AVE,2a32b20f-7796-438a-817b-26f1d40201c8
269,FOOTHILL BLVD,480.927711918,480.927711918, , ,45a0c48a-f41d-4d72-9208-03203db0c606
270,FOOTHILL BLVD,6820.25384052,6820.25384052,SHERMAN WAY GROVE,APPERSON ST,2dc0540f-a66c-461f-976c-cdb66b664fca
271,FOOTHILL BLVD,6940.25003743,6940.25003743,VALMONT ST,MARNICE AVE,4fc841a6-b588-4f08-9f5e-20c29bc4c0e7
272,GLENOAKS BLVD,1445.56424438,1445.56424438,PAXTON ST,VAUGHN ST,aef8844c-ad86-4e7b-8a77-6ac19770e726
273,VENTURA BLVD,264.440883385,264.440883385, , ,315ab486-7fd0-4a97-b422-5eb81373206f
274,VENTURA BLVD,7304.39003134,7304.39003134,COLDWATER CANYON AVE,CARPENTER AVE,d1891a63-7bbb-4aeb-b20e-09cf7030958c
275,LAUREL CANYON BLVD,588.218956589,588.218956589,VENTURA BLVD,VENTURA PL,0cd324bc-81ee-4f71-b195-c19987ea5b66
276,VENTURA BLVD,2689.76523427,2689.76523427,HAZELTINE AVE,WOODMAN AVE,6878b953-1575-4546-bb54-53ccdb38a322
277,HAZELTINE AVE,354.663684805,354.663684805,VENTURA BLVD,MOORPARK ST,882e385e-4f6a-4440-828b-c168937b8924
278,VENTURA BLVD,17512.9676789,17512.9676789,AMESTOY AVE,VAN NUYS BLVD,a1225921-22d3-4ea5-b519-947c790e95a3
279,BALBOA BLVD,1249.98405897,1249.98405897,CLARK ST,BURBANK BLVD,17e3aab6-4ed5-41bb-ae20-59c0a0b7d2b2
280,TOPANGA CYN BLVD,7353.87887587,7353.87887587,GAULT ST,ROSCOE BLVD,60b65785-b40f-4fa8-bcab-b42a09667d55
281,DE SOTO AVE,4622.62835966,4622.62835966,VICTORY BLVD,SHERMAN WAY,967dd4b3-9bfb-44ff-88b9-041b6e31cb05
282,RESEDA BLVD,33217.5239826,33217.5239826,MECCA AVE,DEVONSHIRE ST,b2da9263-4ce8-40c1-95a1-812fd97e18f2
283,BALBOA BLVD,5329.68186204,5329.68186204,VICTORY BLVD,SHERMAN WAY WAY,c1270f66-c084-4036-b01d-5ead3a528aeb
284,SATICOY ST,10617.5916303,10617.5916303,TOPANGA CANYON BLVD,WINNETKA AVE,eb5aafb8-939f-4bc1-90b7-7193c52482cd
285,DE SOTO AVE,3885.17423696,3885.17423696,ROSCOE BLVD,GRESHAM ST,98fc2857-61ef-4144-927f-88885e4f82a7
286,CANOGA AVE,1974.9142139,1974.9142139,VICTORY BLVD,VANOWEN ST,84b854f0-aea8-48b8-8f52-d72fcd161db5
287,VICTORY BLVD,3979.9890507,3979.9890507,OWENSMOUTH AVE,DE SOTO AVE,58c54aef-825e-4dbd-9652-e5fcd65e880e
288,VANOWEN ST,2734.04009314,2734.04009314,CANOGA AVE,DE SOTO AVE,f406819d-f5da-4811-9a28-33a3dff0f9cb
289,VENTURA BLVD,16719.5309503,16719.5309503,WINNETKA AVE,WHITE OAK AVE,5cdf0e7e-a394-4549-8583-c5f27b8254b9
290,VENTURA BLVD,2561.95708937,2561.95708937,TOPANGA CANYON BLVD,CANOGA AVE,21962a49-1121-40dc-a3b1-2f14931e9599
291,BURBANK BLVD,5278.94230767,5278.94230767,WHITE OAK AVE,BALBOA BLVD,af97e675-89c3-41d6-8e8c-6d7504ad88a0
292,VICTORY BLVD,2642.7919823,2642.7919823,LOUISE AVE,BALBOA BLVD,ea8b30fb-8de3-45db-a264-f87721ab9481
293,WHITE OAK AVE,5282.96491066,5282.96491066,VICTORY BLVD,SHERMAN WAY,e907b645-5511-41a0-ab0a-2c89daa5aa3e
294,VANOWEN ST,1319.58608173,1319.58608173,RESEDA BLVD,ETIWANDA AVE,2a4e33c5-db42-4af7-9b22-a78e4aa8c003
295,FALLBROOK AVE,1161.13179919,1161.13179919,VENTURA BLVD,CLARENDON ST,0acfab85-af84-4987-810d-08055d24c219
296,TAMPA AVE,5255.41106658,5255.41106658,VICTORY BLVD,SHERMAN WAY,1a562955-40a6-4b58-87e4-8ac362e2f452
297,OWENSMOUTH AVE,2204.00896668,2204.00896668,BURBANK BLVD,OXNARD ST,a149b746-3c48-4b83-8830-837e718076b9
298,VICTORY BLVD,657.04343165,657.04343165, , ,fc57bad0-6679-4e6b-aae5-98db61aac1fb
299,PLATT AVE,614.802717546,614.802717546, , ,f6ef1aa3-bdb6-4273-9c36-49b30a9df811
300,SATICOY ST,1297.75466418,1297.75466418,AMESTOY AVE,BALBOA BLVD,4c13e5f1-e36e-4bfd-aa94-7c66b147dd86
301,LOUISE AVE,2704.82648166,2704.82648166,ROSCOE BLVD,PARTHENIA ST,85cc860b-8c4c-4da8-9dc5-f49a6b3a398d
302,SATICOY ST,1316.54594587,1316.54594587,VARIEL AVE,DE SOTO AVE,c2671d39-2289-4caf-8956-1bcab4348e75
303,PARTHENIA ST,3962.06383927,3962.06383927,VANALDEN AVE,RESEDA BLVD,3be204fe-d445-466c-ba51-936232987ec9
304,DE SOTO AVE,2637.31598481,2637.31598481,LASSEN ST,DEVONSHIRE ST,cc12b485-2f45-4799-91ab-7289f861f1d5
305,LASSEN ST,3872.78987096,3872.78987096,RESEDA BLVD,ZELZAH AVE,2cd739d8-757d-4035-bb0d-09e65ba46f8f
306,LASSEN ST,2639.53892896,2639.53892896,CANOGA AVE,DE SOTO AVE,8a3be347-4fd9-4f9b-b891-60d37e9a7854
307,DEVONSHIRE ST,3966.55409018,3966.55409018,OWENSMOUTH AVE,DE SOTO AVE,f0e81124-352c-4fa4-8905-fe79dbc0448b
308,ZELZAH AVE,10630.2259684,10630.2259684,NORDOFF ST,CHATSWORTH ST,73b3b906-f647-4ce3-a6f6-0fdf31ef8184
309,CHATSWORTH ST,1170.10183435,1170.10183435,LINDELY AVE,ZELZAH AVE,3007f254-df80-44c6-852c-dc04b5d42a0f
310,CHATSWORTH ST,662.080897984,662.080897984,GENESTA AVE,BALBOA BLVD,a78d3587-5612-48ef-b2ef-950c23d3d7e2
311,BALBOA BLVD,16491.1724002,16491.1724002,NORDOFF ST,HALSEY ST,a987284b-bd51-4dd2-b4e2-99b97e8320d6
312,RINALDI ST,1816.14880351,1816.14880351,BABBITT AVE,BALBOA BLVD,e4e11347-c1f1-4d0f-b8b0-d33c334f4f00
313,SHERMAN WAY,426.881979781,426.881979781,MEDICAL CENTER DR,ROYER AVE,3541e368-9ab8-4de8-857b-638a94616de6
314,SATICOY ST,723.15700417,723.15700417, , ,6a021f29-53ab-45c2-a181-2654a66328e5
315,VANOWEN ST,723.157004169,723.157004169, , ,92f176d4-8598-497e-871d-3a20886663e5
316,FIGUEROA ST,11328.1373066,2.14548055049,AVENUE 37,AVENUE 61,1d851623-4c6e-4a80-94db-5049a972884f
317,LINCOLN BLVD,6070.84664279,6070.84664279,MANCHESTER AVE,COMMONWEALTH AVE,e448ddbf-6afe-4b28-8448-907e298288ef
318,MARTIN LUTHER KING JR BLVD,15893.0195359,15893.0195359,WESTERN AVE,CENTRAL AVE,eece2103-fb98-4250-84e1-448e2563d3a4
319,COMMONWEALTH AVE,2593.17832135,2593.17832135,WILSHIRE BLVD,3RD ST,65665119-f43d-466d-9c60-d4d95062e71c
320,JEFFERSON BLVD,14506.4689637,14506.4689637,NORMANDIE AVE,CENTRAL AVE,69b8dfc5-c1f5-42ba-a523-ea979cd7f69e
321,FIGUEROA ST,3952.80210153,0.748636761654,AVENUE 26,AVENUE 37,e70007b3-d1ae-49a7-b526-90beb52f2e56
322,WASHINGTON BLVD,6884.70614663,6884.70614663,SPEEDWAY,LINCOLN BLVD,dea2eb52-5963-428e-930a-5d46d483f874
323,SAN FERNANDO RD,8119.76929409,8119.76929409,FIERRO ST,DIVISION ST,cd8f1379-de0e-418b-bd56-3fcd104b70d2
324,YORK BLVD,2909.88903661,2909.88903661,MOUNT ANGELUS DR,ARROYO VERDE WAY,c51d078f-c81a-4088-a278-fef4db40e72e
325,VENICE BLVD,7968.79446685,7968.79446685,ABBOT KINNEY BLVD,12TH AVE,c1279bd5-771a-43dc-ab02-5b2e1886e639
326,DALY ST,1237.22293557,1237.22293557,BROADWAY,PASADENA AVE,07a5052d-6e06-495d-b7c7-85f00e5c0016
327,FIGUEROA ST,12747.5778404,12747.5778404,ADAMS BLVD,1ST ST,d8b06175-e82a-41a9-b26a-b7a512338a4d
328,FEDERAL AVE,4876.26660188,4876.26660188,IDAHO AVE,SAN VICENTE BLVD,92e1f958-342d-4269-9d86-61a571b6ac6b
329,67TH ST,2649.53420774,2649.53420774,FIGUEROA ST,MAIN ST,4c3a1e79-1cbb-4a35-8d33-28dc3e0bf03a
330,CUMMINGS ST,1465.35697347,1465.35697347,1ST ST,CESAR E CHAVEZ AVE,9d54fc84-7907-4354-9041-d1b5cd7225d0
331,SPRING ST,5372.50156938,5372.50156938,1ST ST,9TH ST,45a21f7e-a11b-4ecd-b64c-90344966cd12
332,VIRGIL AVE,686.346489519,686.346489519,WILSHIRE BLVD,6TH ST,53577ddb-72a6-4c65-9072-de3c479ca4ad
333,WILSHIRE BLVD,29522.88458,29522.88458,FAIRFAX AVE,WITMER ST,3aa9e7b1-c473-4eb8-a9cb-88ed47a26ef3
334,UNION AVE,642.76887915,642.76887915,7TH ST,WILSHIRE BLVD,04bfd717-fb88-40b4-9272-feb010aef798
335,UNION AVE,1857.52395715,1857.52395715,PICO BLVD,OLYMPIC BLVD,3bc9a14d-065e-4e88-8660-2bc6ec2d3653
336,AVALON BLVD,5280.38149328,5280.38149328,FLORENCE AVE,SLAUSON AVE,16e7d7f2-d917-4a09-86cb-256b86b2c85d
337,WASHINGTON BLVD,5060.8746991,5060.8746991,FIGUEROA ST,SAN PEDRO ST,b0915a41-74e5-40b8-989c-844e83ed9887
338,CENTRAL AVE,23438.7358136,23438.7358136,SLAUSON AVE,1ST ST,68ebcdd3-54cf-450e-aa08-428d62ec693f
339,BROADWAY,572.348160617,572.348160617,2ND ST,1ST ST,2b070673-16ac-41c3-b33c-4aa0544c6bd2
340,BROADWAY,660.395382086,660.395382086,7TH ST,6TH ST,9d1b6496-3dac-4a4e-989d-a64b59a4a00a
341,SUNSET BLVD,18542.1874434,18542.1874434,VIRGIL AVE,BELLEVUE AVE,9fb4f449-03d3-4714-99f5-50ed88187df6
342,PASADENA AVE,411.17971227,411.17971227,FIGUEROA ST,AVENUE 38,06b73b6b-3027-4b76-aab1-ae08d107e995
343,PASADENA AVE,1732.54376866,1732.54376866,AVENUE 21,AVENUE 26,5ef3a5aa-aad8-43d0-8839-227b87b36782
344,MAIN ST,670.06058936,670.06058936,7TH ST,6TH ST,51c4a1d8-36ef-480b-9466-3296f1998e14
345,MAIN ST,679.564097754,679.564097754,10TH ST,9TH ST,6150fdac-cb67-442d-9fed-f0e4b3434cd5
346,BUNDY DR,13247.5911982,13247.5911982,STANWOOD DR,WILSHIRE BLVD,e796048f-7f69-43e4-8bb3-789807bb71fc
347,HOOVER ST,300.50447877,300.50447877,SUNSET PL,WILSHIRE BLVD,ad35fbfb-73f2-49d3-9278-fc2bb286c43d
348,30TH ST,2021.65042206,2021.65042206,HOOVER ST,FIGUEROA ST,8f2febcc-be1c-412d-8154-c554dc06d6e6
349,GLENDALE BLVD,3905.74586267,3905.74586267,TEMPLE ST,SUNSET BLVD,f433c1b5-eb77-4f94-849d-8124386505e1
350,WASHINGTON BLVD,7924.67265324,7924.67265324,ARLINGTON AVE,VERMONT AVE,e53df219-068f-4524-9aea-595104092957
351,2ND ST,1272.24609309,1272.24609309,BROADWAY,LOS ANGELES ST,334cbef9-fc0a-48c9-9e48-cfd730e642e9
352,SAN VICENTE BLVD,9369.47384336,9369.47384336,26TH ST,BINGHAM AVE,bfa06c61-84d5-48d6-81e0-6727cbe195db
353,ABBOT KINNEY BLVD,3752.28655009,3752.28655009,MAIN ST,VENICE BLVD,a580f020-b685-4233-9efb-6725c4019159
354,MANCHESTER AVE,1623.59101496,1623.59101496,AIRPORT BLVD,BELLANCA AVE,7f6b8ac4-0586-4801-a621-1515a29b2eda
355,ADAMS BLVD,1657.3276288,1657.3276288,CENTRAL AVE,HOOPER AVE,064477e5-e1cd-4b72-a121-c88debe55e6b
356,NORMANDIE AVE,3255.04425661,3255.04425661,OLYMPIC BLVD,VENICE BLVD,62cfa7b3-14b1-48d4-b5c3-a3d1b179e8b2
357,KINGSLEY DR,643.863369313,643.863369313, , ,0145c260-1268-47ff-a246-bdfaa3c4dafe
358,ROSEWOOD AVE,684.549332491,684.549332491,HARVARD BLVD,ARDMORE AVE,feb460e8-1a41-475b-8e2a-799e3d59abcc
359,HOLLYWOOD BLVD,19534.5515622,19534.5515622,MARTEL AVE,SUNSET BLVD,c2a33bbe-a588-4afc-9d55-dedd68e77357
360,PARTHENIA ST,4979.80083732,4979.80083732,COLUMBUS AVE,VAN NUYS BLVD,348081e5-bbc5-49e4-98c3-d8bfdefa701b
361,SHERMAN WAY,26408.8086006,26408.8086006,HASKELL AVE,LANKERSHIM BLVD,76faf2c9-517e-4e1c-ba76-c4eb81b855e0
362,VAN NUYS BLVD,26295.4326243,26295.4326243,PARTHENIA ST,FOOTHILL BLVD,1520bbdf-ff05-452f-aa7b-6c2fb99b927a
363,SEPULVEDA BLVD,16691.9526374,16691.9526374,BURBANK BL,LANARK ST,73e6f865-7470-4f01-85d8-0c155b60177b
364,PARTHENIA ST,1137.30959379,1137.30959379,SEPULVEDA BLVD,COLUMBUS AVE,8058a605-f13f-4fae-8bb9-7a61048ea848
365,CAHUENGA BLVD,2811.1446775,2811.1446775,BURBANK BLVD,MAGNOLIA BLVD,cacaa27f-b119-4e13-b71c-03d39c9da8e7
366,LAUREL CANYON BLVD,25441.8474087,25441.8474087,RIVERSIDE DR,ROSCOE BLVD,721c467a-4780-4114-a222-eeeca7983ad1
367,VAN NUYS BLVD,804.734303206,804.734303206,PARTHENIA ST,CHASE ST,317028f4-0555-4f84-ad03-b01909f599d4
368,LANKERSHIM BLVD,16981.4366849,16981.4366849,CAMARILLO ST,SHERMAN WAY,14f55416-7fd4-4471-bbeb-e638794c83b8
369,ROSCOE BLVD,11801.4424598,11801.4424598,ORION AVE,WOODMAN AVE,b3c96257-c46c-45a4-991a-78ae8e9d7e25
370,STRATHERN ST,7168.46483481,7168.46483481,LANKERSHIM BLVD,SAN FERNANDO RD,422954a1-7d62-4685-b719-5aa47173b9ef
371,BURBANK BLVD,18435.0843545,18435.0843545,FULTON AVE,CAHUENGA BLVD,9dcd7625-d26c-4ff9-b1d3-46b29b5fabcb
372,VINELAND AVE,11888.4133618,11888.4133618,CAMARILLO ST,KITTRIDGE ST,27b18bfa-2d70-41ba-945a-170dbca2a0f0
373,VICTORY BLVD,7953.37968171,7953.37968171,LAUREL CANYON BLVD,VINELAND AVE,81134538-4bd8-43ac-b266-7a7dcb97829f
374,OXNARD ST,13148.6023795,13148.6023795,COLDWATER CANYON AVE,VINELAND AVE,79c248bc-73c3-40ae-8dc3-fd3fbd9e7274
375,COLFAX AVE,1367.92785215,1367.92785215,CHANDLER BLVD,BURBANK BLVD,1530e3c4-67fa-4bb9-ac95-3db40f27fbfa
376,OSBORNE ST,6232.36291939,6232.36291939,LAUREL CANYON BLVD,NORRIS AVE,bebcde80-1da6-4de4-9560-61991691383c
377,VAN NUYS BLVD,349.11069308,349.11069308, , ,b19bb436-e7c1-4eb9-8ab2-84d6b3d184c7
378,22ND ST,1653.59007278,1653.59007278,GRAND AVE,CRESCENT AVE,75e3c84d-f533-4040-ac77-3a5e48b84825
379,WESTERN AVE,870.901815993,870.901815993,WEYMOUTH AVE,SANTA CRUZ ST,bb64dcbc-4a13-4dc9-a9ab-921ed32bb500
380,1ST ST,652.626010687,652.626010687,ELLERY DR,HARBOR VIEW AVE,20046e58-afb0-40cc-905a-5165720da52c
381,SHERMAN WAY,31693.4147196,31693.4147196,FALLBROOK AVE,WHITE OAK AVE,63f0c67b-bec1-4dbb-951c-1f4ef46536cc
382,FALLBROOK AVE,12154.8970307,12154.8970307,VICTORY BLVD,ROSCOE BLVD,945d99dc-bd3f-45dd-b7c7-c48c59e4ada2
383,ROSCOE BLVD,33846.1939333,33846.1939333,TOPANGA CANYON,BALBOA BLVD,c69ec5cb-e3cd-4e87-9d99-f1a079472bb7
384,DEVONSHIRE ST,694.881296058,694.881296058, , ,49aeee6a-0a3f-43e3-9b4e-659306499c7e
385,9TH ST,6512.9389711,6512.9389711,FIGUEROA ST,GLADYS AVE,6b527c10-adb7-444d-b76d-c60a38ca572a
386,PACIFIC COAST HWY,8441.85153926,8441.85153926,TEMESCAL CANYON RD,SAN VICENTE BLVD,47daa246-e2c0-4e25-a650-c840f4db9c33
